nl,sql,difficulty,tags
hmm roughly can you show overall numbers for back in the mid 90s maybe bigger orders,SELECT COUNT(*) AS total_rows FROM orders o JOIN customer c ON c.c_custkey = o.o_custkey JOIN nation nc ON nc.n_nationkey = c.c_nationkey JOIN region rc ON rc.r_regionkey = nc.n_regionkey JOIN lineitem l ON l.l_orderkey = o.o_orderkey JOIN supplier s ON s.s_suppkey = l.l_suppkey JOIN nation ns ON ns.n_nationkey = s.s_nationkey JOIN region rs ON rs.r_regionkey = ns.r_regionkey JOIN part p ON p.p_partkey = l.l_partkey JOIN partsupp ps ON ps.ps_partkey = l.l_partkey AND ps.ps_suppkey = l.l_suppkey WHERE o.o_orderdate >= DATE '1993-01-01' AND o.o_orderdate < DATE '1994-01-01';,easy,deep-join|aggregate|time-vague
quick one sort of just a quick total in like 1995-ish maybe pricey items,SELECT COUNT(*) AS total_rows FROM orders o JOIN customer c ON c.c_custkey = o.o_custkey JOIN nation nc ON nc.n_nationkey = c.c_nationkey JOIN region rc ON rc.r_regionkey = nc.n_regionkey JOIN lineitem l ON l.l_orderkey = o.o_orderkey JOIN supplier s ON s.s_suppkey = l.l_suppkey JOIN nation ns ON ns.n_nationkey = s.s_nationkey JOIN region rs ON rs.r_regionkey = ns.r_regionkey JOIN part p ON p.p_partkey = l.l_partkey JOIN partsupp ps ON ps.ps_partkey = l.l_partkey AND ps.ps_suppkey = l.l_suppkey WHERE o.o_orderdate >= DATE '1995-01-01' AND o.o_orderdate < DATE '1996-01-01';,easy,deep-join|aggregate|time-vague
random thought - around can you check overall numbers for around 1993 to 1996 maybe heavy quantities,SELECT COUNT(*) AS total_rows FROM orders o JOIN customer c ON c.c_custkey = o.o_custkey JOIN nation nc ON nc.n_nationkey = c.c_nationkey JOIN region rc ON rc.r_regionkey = nc.n_regionkey JOIN lineitem l ON l.l_orderkey = o.o_orderkey JOIN supplier s ON s.s_suppkey = l.l_suppkey JOIN nation ns ON ns.n_nationkey = s.s_nationkey JOIN region rs ON rs.r_regionkey = ns.r_regionkey JOIN part p ON p.p_partkey = l.l_partkey JOIN partsupp ps ON ps.ps_partkey = l.l_partkey AND ps.ps_suppkey = l.l_suppkey WHERE o.o_orderdate >= DATE '1993-01-01' AND o.o_orderdate < DATE '1997-01-01';,easy,deep-join|aggregate|time-vague
hey idk but can we see something simple for in that 90s window maybe fast shipments,SELECT SUM(l.l_quantity) AS total_qty FROM orders o JOIN customer c ON c.c_custkey = o.o_custkey JOIN nation nc ON nc.n_nationkey = c.c_nationkey JOIN region rc ON rc.r_regionkey = nc.n_regionkey JOIN lineitem l ON l.l_orderkey = o.o_orderkey JOIN supplier s ON s.s_suppkey = l.l_suppkey JOIN nation ns ON ns.n_nationkey = s.s_nationkey JOIN region rs ON rs.r_regionkey = ns.r_regionkey JOIN part p ON p.p_partkey = l.l_partkey JOIN partsupp ps ON ps.ps_partkey = l.l_partkey AND ps.ps_suppkey = l.l_suppkey WHERE o.o_orderdate >= DATE '1992-01-01' AND o.o_orderdate < DATE '1996-01-01';,easy,deep-join|sum|time-vague
btw approximately just a quick total for since the early 90s maybe late arrivals,SELECT SUM(l.l_quantity) AS total_qty FROM orders o JOIN customer c ON c.c_custkey = o.o_custkey JOIN nation nc ON nc.n_nationkey = c.c_nationkey JOIN region rc ON rc.r_regionkey = nc.n_regionkey JOIN lineitem l ON l.l_orderkey = o.o_orderkey JOIN supplier s ON s.s_suppkey = l.l_suppkey JOIN nation ns ON ns.n_nationkey = s.s_nationkey JOIN region rs ON rs.r_regionkey = ns.r_regionkey JOIN part p ON p.p_partkey = l.l_partkey JOIN partsupp ps ON ps.ps_partkey = l.l_partkey AND ps.ps_suppkey = l.l_suppkey WHERE o.o_orderdate >= DATE '1992-01-01' AND o.o_orderdate < DATE '1999-01-01';,easy,deep-join|sum|time-vague
ok so around can you show overall numbers in not earlier than 1994 maybe top brands,SELECT SUM(l.l_extendedprice*(1-l.l_discount)) AS revenue FROM orders o JOIN customer c ON c.c_custkey = o.o_custkey JOIN nation nc ON nc.n_nationkey = c.c_nationkey JOIN region rc ON rc.r_regionkey = nc.n_regionkey JOIN lineitem l ON l.l_orderkey = o.o_orderkey JOIN supplier s ON s.s_suppkey = l.l_suppkey JOIN nation ns ON ns.n_nationkey = s.s_nationkey JOIN region rs ON rs.r_regionkey = ns.r_regionkey JOIN part p ON p.p_partkey = l.l_partkey JOIN partsupp ps ON ps.ps_partkey = l.l_partkey AND ps.ps_suppkey = l.l_suppkey WHERE o.o_orderdate >= DATE '1994-01-01' AND o.o_orderdate < DATE '1998-01-01';,easy,deep-join|revenue|time-vague
pls sort of can we see something simple for before 1997 maybe the american region,SELECT SUM(l.l_extendedprice*(1-l.l_discount)) AS revenue FROM orders o JOIN customer c ON c.c_custkey = o.o_custkey JOIN nation nc ON nc.n_nationkey = c.c_nationkey JOIN region rc ON rc.r_regionkey = nc.n_regionkey JOIN lineitem l ON l.l_orderkey = o.o_orderkey JOIN supplier s ON s.s_suppkey = l.l_suppkey JOIN nation ns ON ns.n_nationkey = s.s_nationkey JOIN region rs ON rs.r_regionkey = ns.r_regionkey JOIN part p ON p.p_partkey = l.l_partkey JOIN partsupp ps ON ps.ps_partkey = l.l_partkey AND ps.ps_suppkey = l.l_suppkey WHERE o.o_orderdate < DATE '1997-01-01';,easy,deep-join|revenue|time-vague
hmm kinda just a quick total in after 1992 i think maybe europe-ish countries,SELECT AVG(l.l_discount) AS avg_discount FROM orders o JOIN customer c ON c.c_custkey = o.o_custkey JOIN nation nc ON nc.n_nationkey = c.c_nationkey JOIN region rc ON rc.r_regionkey = nc.n_regionkey JOIN lineitem l ON l.l_orderkey = o.o_orderkey JOIN supplier s ON s.s_suppkey = l.l_suppkey JOIN nation ns ON ns.n_nationkey = s.s_nationkey JOIN region rs ON rs.r_regionkey = ns.r_regionkey JOIN part p ON p.p_partkey = l.l_partkey JOIN partsupp ps ON ps.ps_partkey = l.l_partkey AND ps.ps_suppkey = l.l_suppkey WHERE o.o_orderdate >= DATE '1993-01-01';,easy,deep-join|avg|time-vague
tiny question idk but can we see overall numbers for like 1995-ish maybe household segment folks,SELECT AVG(l.l_discount) AS avg_discount FROM orders o JOIN customer c ON c.c_custkey = o.o_custkey JOIN nation nc ON nc.n_nationkey = c.c_nationkey JOIN region rc ON rc.r_regionkey = nc.n_regionkey JOIN lineitem l ON l.l_orderkey = o.o_orderkey JOIN supplier s ON s.s_suppkey = l.l_suppkey JOIN nation ns ON ns.n_nationkey = s.s_nationkey JOIN region rs ON rs.r_regionkey = ns.r_regionkey JOIN part p ON p.p_partkey = l.l_partkey JOIN partsupp ps ON ps.ps_partkey = l.l_partkey AND ps.ps_suppkey = l.l_suppkey WHERE o.o_orderdate >= DATE '1995-01-01' AND o.o_orderdate < DATE '1996-01-01';,easy,deep-join|avg|time-vague
hey roughly nothing fancy just a quick total for back in the mid 90s maybe bigger orders,SELECT COUNT(*) AS total_rows FROM orders o JOIN customer c ON c.c_custkey = o.o_custkey JOIN nation nc ON nc.n_nationkey = c.c_nationkey JOIN region rc ON rc.r_regionkey = nc.n_regionkey JOIN lineitem l ON l.l_orderkey = o.o_orderkey JOIN supplier s ON s.s_suppkey = l.l_suppkey JOIN nation ns ON ns.n_nationkey = s.s_nationkey JOIN region rs ON rs.r_regionkey = ns.r_regionkey JOIN part p ON p.p_partkey = l.l_partkey JOIN partsupp ps ON ps.ps_partkey = l.l_partkey AND ps.ps_suppkey = l.l_suppkey;,easy,deep-join|count|no-time-filter
ok so sort of can you check something simple in in that 90s window maybe fast shipments,SELECT SUM(l.l_quantity) AS total_qty FROM orders o JOIN customer c ON c.c_custkey = o.o_custkey JOIN nation nc ON nc.n_nationkey = c.n_nationkey JOIN region rc ON rc.r_regionkey = nc.n_regionkey JOIN lineitem l ON l.l_orderkey = o.o_orderkey JOIN supplier s ON s.s_suppkey = l.l_suppkey JOIN nation ns ON ns.n_nationkey = s.s_nationkey JOIN region rs ON rs.r_regionkey = ns.r_regionkey JOIN part p ON p.p_partkey = l.l_partkey JOIN partsupp ps ON ps.ps_partkey = l.l_partkey AND ps.ps_suppkey = l.l_suppkey;,easy,deep-join|sum|no-time-filter
btw around just curious overall numbers for before 1997 maybe europe-ish countries,SELECT COUNT(*) AS total_rows FROM orders o JOIN customer c ON c.c_custkey = o.o_custkey JOIN nation nc ON nc.n_nationkey = c.n_nationkey JOIN region rc ON rc.r_regionkey = nc.n_regionkey JOIN lineitem l ON l.l_orderkey = o.o_orderkey JOIN supplier s ON s.s_suppkey = l.l_suppkey JOIN nation ns ON ns.n_nationkey = s.s_nationkey JOIN region rs ON rs.r_regionkey = ns.r_regionkey JOIN part p ON p.p_partkey = l.l_partkey JOIN partsupp ps ON ps.ps_partkey = l.l_partkey AND ps.ps_suppkey = l.l_suppkey;,easy,deep-join|count|no-time-filter
hmm kinda i think just a quick total in since the early 90s maybe late arrivals,SELECT SUM(l.l_extendedprice*(1-l.l_discount)) AS revenue FROM orders o JOIN customer c ON c.c_custkey = o.o_custkey JOIN nation nc ON nc.n_nationkey = c.n_nationkey JOIN region rc ON rc.r_regionkey = nc.n_regionkey JOIN lineitem l ON l.l_orderkey = o.o_orderkey JOIN supplier s ON s.s_suppkey = l.l_suppkey JOIN nation ns ON ns.n_nationkey = s.s_nationkey JOIN region rs ON rs.r_regionkey = ns.r_regionkey JOIN part p ON p.p_partkey = l.l_partkey JOIN partsupp ps ON ps.ps_partkey = l.l_partkey AND ps.ps_suppkey = l.l_suppkey;,easy,deep-join|revenue|no-time-filter
quick one around can you show something simple for after 1992 i think maybe top brands,SELECT AVG(l.l_discount) AS avg_discount FROM orders o JOIN customer c ON c.c_custkey = o.o_custkey JOIN nation nc ON nc.n_nationkey = c.n_nationkey JOIN region rc ON rc.r_regionkey = nc.n_regionkey JOIN lineitem l ON l.l_orderkey = o.o_orderkey JOIN supplier s ON s.s_suppkey = l.l_suppkey JOIN nation ns ON ns.n_nationkey = s.s_nationkey JOIN region rs ON rs.r_regionkey = ns.r_regionkey JOIN part p ON p.p_partkey = l.l_partkey JOIN partsupp ps ON ps.ps_partkey = l.l_partkey AND ps.ps_suppkey = l.l_suppkey;,easy,deep-join|avg|no-time-filter
random thought - sort of can you check overall numbers for back in the mid 90s maybe heavy quantities,SELECT COUNT(*) AS total_rows FROM orders o JOIN customer c ON c.c_custkey = o.o_custkey JOIN nation nc ON nc.n_nationkey = c.n_nationkey JOIN region rc ON rc.r_regionkey = nc.n_regionkey JOIN lineitem l ON l.l_orderkey = o.o_orderkey JOIN supplier s ON s.s_suppkey = l.l_suppkey JOIN nation ns ON ns.n_nationkey = s.s_nationkey JOIN region rs ON rs.r_regionkey = ns.r_regionkey JOIN part p ON p.p_partkey = l.l_partkey JOIN partsupp ps ON ps.ps_partkey = l.l_partkey AND ps.ps_suppkey = l.l_suppkey WHERE o.o_orderdate >= DATE '1993-01-01' AND o.o_orderdate < DATE '1995-01-01';,easy,deep-join|count|time-filter
hey roughly just a quick total in like 1995-ish maybe fast shipments,SELECT COUNT(*) AS total_rows FROM orders o JOIN customer c ON c.c_custkey = o.o_custkey JOIN nation nc ON nc.n_nationkey = c.n_nationkey JOIN region rc ON rc.r_regionkey = nc.n_regionkey JOIN lineitem l ON l.l_orderkey = o.o_orderkey JOIN supplier s ON s.s_suppkey = l.l_suppkey JOIN nation ns ON ns.n_nationkey = s.s_nationkey JOIN region rs ON rs.r_regionkey = ns.r_regionkey JOIN part p ON p.p_partkey = l.l_partkey JOIN partsupp ps ON ps.ps_partkey = l.l_partkey AND ps.ps_suppkey = l.l_suppkey WHERE o.o_orderdate >= DATE '1995-01-01' AND o.o_orderdate < DATE '1996-01-01';,easy,deep-join|count|time-filter
ok so idk but can we see something simple for around 1993 to 1996 maybe the american region,SELECT SUM(l.l_quantity) AS total_qty FROM orders o JOIN customer c ON c.c_custkey = o.o_custkey JOIN nation nc ON nc.n_nationkey = c.n_nationkey JOIN region rc ON rc.r_regionkey = nc.n_regionkey JOIN lineitem l ON l.l_orderkey = o.o_orderkey JOIN supplier s ON s.s_suppkey = l.l_suppkey JOIN nation ns ON ns.n_nationkey = s.s_nationkey JOIN region rs ON rs.r_regionkey = ns.r_regionkey JOIN part p ON p.p_partkey = l.l_partkey JOIN partsupp ps ON ps.ps_partkey = l.l_partkey AND ps.ps_suppkey = l.l_suppkey WHERE o.o_orderdate >= DATE '1993-01-01' AND o.o_orderdate < DATE '1997-01-01';,easy,deep-join|sum|time-filter
btw sort of just curious overall numbers for in that 90s window maybe europe-ish countries,SELECT COUNT(*) AS total_rows FROM orders o JOIN customer c ON c.c_custkey = o.o_custkey JOIN nation nc ON nc.n_nationkey = c.n_nationkey JOIN region rc ON rc.r_regionkey = nc.n_regionkey JOIN lineitem l ON l.l_orderkey = o.o_orderkey JOIN supplier s ON s.s_suppkey = l.l_suppkey JOIN nation ns ON ns.n_nationkey = s.s_nationkey JOIN region rs ON rs.r_regionkey = ns.r_regionkey JOIN part p ON p.p_partkey = l.l_partkey JOIN partsupp ps ON ps.ps_partkey = l.l_partkey AND ps.ps_suppkey = l.l_suppkey WHERE o.o_orderdate >= DATE '1992-01-01' AND o.o_orderdate < DATE '1999-01-01';,easy,deep-join|count|time-filter
hmm roughly i think can we see something simple for since the early 90s maybe bigger orders,SELECT SUM(l.l_extendedprice*(1-l.l_discount)) AS revenue FROM orders o JOIN customer c ON c.c_custkey = o.o_custkey JOIN nation nc ON nc.n_nationkey = c.n_nationkey JOIN region rc ON rc.r_regionkey = nc.n_regionkey JOIN lineitem l ON l.l_orderkey = o.o_orderkey JOIN supplier s ON s.s_suppkey = l.l_suppkey JOIN nation ns ON ns.n_nationkey = s.s_nationkey JOIN region rs ON rs.r_regionkey = ns.r_regionkey JOIN part p ON p.p_partkey = l.l_partkey JOIN partsupp ps ON ps.ps_partkey = l.l_partkey AND ps.ps_suppkey = l.l_suppkey WHERE o.o_orderdate >= DATE '1992-01-01';,easy,deep-join|revenue|time-filter
quick one just curious just a quick total in not earlier than 1994 maybe top brands,SELECT SUM(l.l_extendedprice*(1-l.l_discount)) AS revenue FROM orders o JOIN customer c ON c.c_custkey = o.o_custkey JOIN nation nc ON nc.n_nationkey = c.n_nationkey JOIN region rc ON rc.r_regionkey = nc.n_regionkey JOIN lineitem l ON l.l_orderkey = o.o_orderkey JOIN supplier s ON s.s_suppkey = l.l_suppkey JOIN nation ns ON ns.n_nationkey = s.s_nationkey JOIN region rs ON rs.r_regionkey = ns.r_regionkey JOIN part p ON p.p_partkey = l.l_partkey JOIN partsupp ps ON ps.ps_partkey = l.l_partkey AND ps.ps_suppkey = l.l_suppkey WHERE o.o_orderdate >= DATE '1994-01-01';,easy,deep-join|revenue|time-filter
random thought - around i guess can you show overall numbers for before 1997 maybe fast shipments,SELECT SUM(l.l_quantity) AS total_qty FROM orders o JOIN customer c ON c.c_custkey = o.o_custkey JOIN nation nc ON nc.n_nationkey = c.n_nationkey JOIN region rc ON rc.r_regionkey = nc.n_regionkey JOIN lineitem l ON l.l_orderkey = o.o_orderkey JOIN supplier s ON s.s_suppkey = l.l_suppkey JOIN nation ns ON ns.n_nationkey = s.s_nationkey JOIN region rs ON rs.r_regionkey = ns.r_regionkey JOIN part p ON p.p_partkey = l.l_partkey JOIN partsupp ps ON ps.ps_partkey = l.l_partkey AND ps.ps_suppkey = l.l_suppkey WHERE o.o_orderdate < DATE '1997-01-01';,easy,deep-join|sum|time-filter
hey approximately idk but can we see something simple for after 1992 i think maybe heavy quantities,SELECT SUM(l.l_quantity) AS total_qty FROM orders o JOIN customer c ON c.c_custkey = o.o_custkey JOIN nation nc ON nc.n_nationkey = c.n_nationkey JOIN region rc ON rc.r_regionkey = nc.n_regionkey JOIN lineitem l ON l.l_orderkey = o.o_orderkey JOIN supplier s ON s.s_suppkey = l.l_suppkey JOIN nation ns ON ns.n_nationkey = s.s_nationkey JOIN region rs ON rs.r_regionkey = ns.r_regionkey JOIN part p ON p.p_partkey = l.l_partkey JOIN partsupp ps ON ps.ps_partkey = l.l_partkey AND ps.ps_suppkey = l.l_suppkey WHERE o.o_orderdate >= DATE '1993-01-01';,easy,deep-join|sum|time-filter
tiny question roughly just a quick total in like 1995-ish maybe bigger orders,SELECT COUNT(*) AS total_rows FROM orders o JOIN customer c ON c.c_custkey = o.o_custkey JOIN nation nc ON nc.n_nationkey = c.n_nationkey JOIN region rc ON rc.r_regionkey = nc.n_regionkey JOIN lineitem l ON l.l_orderkey = o.o_orderkey JOIN supplier s ON s.s_suppkey = l.l_suppkey JOIN nation ns ON ns.n_nationkey = s.s_nationkey JOIN region rs ON rs.r_regionkey = ns.r_regionkey JOIN part p ON p.p_partkey = l.l_partkey JOIN partsupp ps ON ps.ps_partkey = l.l_partkey AND ps.ps_suppkey = l.l_suppkey WHERE o.o_orderdate >= DATE '1995-01-01' AND o.o_orderdate < DATE '1996-01-01';,easy,deep-join|count|time-filter
pls about can you check overall numbers for around 1993 to 1996 maybe europe-ish countries,SELECT COUNT(*) AS total_rows FROM orders o JOIN customer c ON c.c_custkey = o.o_custkey JOIN nation nc ON nc.n_nationkey = c.n_nationkey JOIN region rc ON rc.r_regionkey = nc.n_regionkey JOIN lineitem l ON l.l_orderkey = o.o_orderkey JOIN supplier s ON s.s_suppkey = l.l_suppkey JOIN nation ns ON ns.n_nationkey = s.s_nationkey JOIN region rs ON rs.r_regionkey = ns.r_regionkey JOIN part p ON p.p_partkey = l.l_partkey JOIN partsupp ps ON ps.ps_partkey = l.l_partkey AND ps.ps_suppkey = l.l_suppkey WHERE o.o_orderdate >= DATE '1993-01-01' AND o.o_orderdate < DATE '1997-01-01';,easy,deep-join|count|time-filter
ok so sort of just curious something simple in since the early 90s maybe household segment folks,SELECT AVG(l.l_discount) AS avg_discount FROM orders o JOIN customer c ON c.c_custkey = o.o_custkey JOIN nation nc ON nc.n_nationkey = c.n_nationkey JOIN region rc ON rc.r_regionkey = nc.n_regionkey JOIN lineitem l ON l.l_orderkey = o.o_orderkey JOIN supplier s ON s.s_suppkey = l.l_suppkey JOIN nation ns ON ns.n_nationkey = s.s_nationkey JOIN region rs ON rs.r_regionkey = ns.r_regionkey JOIN part p ON p.p_partkey = l.l_partkey JOIN partsupp ps ON ps.ps_partkey = l.l_partkey AND ps.ps_suppkey = l.l_suppkey WHERE o.o_orderdate >= DATE '1992-01-01';,easy,deep-join|avg|time-filter
hmm roughly i guess can we see something simple for before 1997 maybe late arrivals,SELECT AVG(l.l_discount) AS avg_discount FROM orders o JOIN customer c ON c.c_custkey = o.o_custkey JOIN nation nc ON nc.n_nationkey = c.n_nationkey JOIN region rc ON rc.r_regionkey = nc.n_regionkey JOIN lineitem l ON l.l_orderkey = o.o_orderkey JOIN supplier s ON s.s_suppkey = l.l_suppkey JOIN nation ns ON ns.n_nationkey = s.s_nationkey JOIN region rs ON rs.r_regionkey = ns.r_regionkey JOIN part p ON p.p_partkey = l.l_partkey JOIN partsupp ps ON ps.ps_partkey = l.l_partkey AND ps.ps_suppkey = l.l_suppkey WHERE o.o_orderdate < DATE '1997-01-01';,easy,deep-join|avg|time-filter
quick one about can you show overall numbers for back in the mid 90s maybe bigger orders,SELECT COUNT(*) AS total_rows FROM orders o JOIN customer c ON c.c_custkey = o.o_custkey JOIN nation nc ON nc.n_nationkey = c.n_nationkey JOIN region rc ON rc.r_regionkey = nc.n_regionkey JOIN lineitem l ON l.l_orderkey = o.o_orderkey JOIN supplier s ON s.s_suppkey = l.l_suppkey JOIN nation ns ON ns.n_nationkey = s.s_nationkey JOIN region rs ON rs.r_regionkey = ns.r_regionkey JOIN part p ON p.p_partkey = l.l_partkey JOIN partsupp ps ON ps.ps_partkey = l.l_partkey AND ps.ps_suppkey = l.l_suppkey;,easy,deep-join|count|no-time-filter
random thought - roughly can we see something simple for like 1995-ish maybe pricey items,SELECT COUNT(*) AS total_rows FROM orders o JOIN customer c ON c.c_custkey = o.o_custkey JOIN nation nc ON nc.n_nationkey = c.n_nationkey JOIN region rc ON rc.r_regionkey = nc.n_regionkey JOIN lineitem l ON l.l_orderkey = o.o_orderkey JOIN supplier s ON s.s_suppkey = l.l_suppkey JOIN nation ns ON ns.n_nationkey = s.s_nationkey JOIN region rs ON rs.r_regionkey = ns.r_regionkey JOIN part p ON p.p_partkey = l.l_partkey JOIN partsupp ps ON ps.ps_partkey = l.l_partkey AND ps.ps_suppkey = l.l_suppkey;,easy,deep-join|count|no-time-filter
hey about idk but can we see something simple for in that 90s window maybe fast shipments,SELECT COUNT(*) AS total_rows FROM orders o JOIN customer c ON c.c_custkey = o.o_custkey JOIN nation nc ON nc.n_nationkey = c.n_nationkey JOIN region rc ON rc.r_regionkey = nc.n_regionkey JOIN lineitem l ON l.l_orderkey = o.o_orderkey JOIN supplier s ON s.s_suppkey = l.l_suppkey JOIN nation ns ON ns.n_nationkey = s.s_nationkey JOIN region rs ON rs.r_regionkey = ns.r_regionkey JOIN part p ON p.p_partkey = l.l_partkey JOIN partsupp ps ON ps.ps_partkey = l.l_partkey AND ps.ps_suppkey = l.l_suppkey;,easy,deep-join|count|no-time-filter
tiny question kinda just a quick total in since the early 90s maybe heavy quantities,SELECT SUM(l.l_quantity) AS total_qty FROM orders o JOIN customer c ON c.c_custkey = o.o_custkey JOIN nation nc ON nc.n_nationkey = c.n_nationkey JOIN region rc ON rc.r_regionkey = nc.n_regionkey JOIN lineitem l ON l.l_orderkey = o.o_orderkey JOIN supplier s ON s.s_suppkey = l.l_suppkey JOIN nation ns ON ns.n_nationkey = s.s_nationkey JOIN region rs ON rs.r_regionkey = ns.r_regionkey JOIN part p ON p.p_partkey = l.l_partkey JOIN partsupp ps ON ps.ps_partkey = l.l_partkey AND ps.ps_suppkey = l.l_suppkey;,easy,deep-join|sum|no-time-filter
pls sort of just curious something simple in after 1992 i think maybe europe-ish countries,SELECT SUM(l.l_quantity) AS total_qty FROM orders o JOIN customer c ON c.c_custkey = o.o_custkey JOIN nation nc ON nc.n_nationkey = c.n_nationkey JOIN region rc ON rc.r_regionkey = nc.n_regionkey JOIN lineitem l ON l.l_orderkey = o.o_orderkey JOIN supplier s ON s.s_suppkey = l.l_suppkey JOIN nation ns ON ns.n_nationkey = s.s_nationkey JOIN region rs ON rs.r_regionkey = ns.r_regionkey JOIN part p ON p.p_partkey = l.l_partkey JOIN partsupp ps ON ps.ps_partkey = l.l_partkey AND ps.ps_suppkey = l.l_suppkey;,easy,deep-join|sum|no-time-filter
ok so around i think can we see overall numbers for back in the mid 90s maybe late arrivals,SELECT AVG(l.l_discount) AS avg_discount FROM orders o JOIN customer c ON c.c_custkey = o.o_custkey JOIN nation nc ON nc.n_nationkey = c.n_nationkey JOIN region rc ON rc.r_regionkey = nc.n_regionkey JOIN lineitem l ON l.l_orderkey = o.o_orderkey JOIN supplier s ON s.s_suppkey = l.l_suppkey JOIN nation ns ON ns.n_nationkey = s.s_nationkey JOIN region rs ON rs.r_regionkey = ns.r_regionkey JOIN part p ON p.p_partkey = l.l_partkey JOIN partsupp ps ON ps.ps_partkey = l.l_partkey AND ps.ps_suppkey = l.l_suppkey;,easy,deep-join|avg|no-time-filter
hmm sort of idk but can we see something simple for like 1995-ish maybe bigger orders,SELECT AVG(l.l_discount) AS avg_discount FROM orders o JOIN customer c ON c.c_custkey = o.o_custkey JOIN nation nc ON nc.n_nationkey = c.n_nationkey JOIN region rc ON rc.r_regionkey = nc.n_regionkey JOIN lineitem l ON l.l_orderkey = o.o_orderkey JOIN supplier s ON s.s_suppkey = l.l_suppkey JOIN nation ns ON ns.n_nationkey = s.s_nationkey JOIN region rs ON rs.r_regionkey = ns.r_regionkey JOIN part p ON p.p_partkey = l.l_partkey JOIN partsupp ps ON ps.ps_partkey = l.l_partkey AND ps.ps_suppkey = l.l_suppkey;,easy,deep-join|avg|no-time-filter
btw roughly just a quick total in in that 90s window maybe household segment folks,SELECT COUNT(*) AS total_rows FROM orders o JOIN customer c ON c.c_custkey = o.o_custkey JOIN nation nc ON nc.n_nationkey = c.n_nationkey JOIN region rc ON rc.r_regionkey = nc.n_regionkey JOIN lineitem l ON l.l_orderkey = o.o_orderkey JOIN supplier s ON s.s_suppkey = l.l_suppkey JOIN nation ns ON ns.n_nationkey = s.s_nationkey JOIN region rs ON rs.r_regionkey = ns.r_regionkey JOIN part p ON p.p_partkey = l.l_partkey JOIN partsupp ps ON ps.ps_partkey = l.l_partkey AND ps.ps_suppkey = l.l_suppkey;,easy,deep-join|count|no-time-filter
quick one kinda just curious overall numbers for since the early 90s maybe bigger orders,SELECT COUNT(*) AS total_rows FROM orders o JOIN customer c ON c.c_custkey = o.o_custkey JOIN nation nc ON nc.n_nationkey = c.n_nationkey JOIN region rc ON rc.r_regionkey = nc.n_regionkey JOIN lineitem l ON l.l_orderkey = o.o_orderkey JOIN supplier s ON s.s_suppkey = l.l_suppkey JOIN nation ns ON ns.n_nationkey = s.s_nationkey JOIN region rs ON rs.r_regionkey = ns.r_regionkey JOIN part p ON p.p_partkey = l.l_partkey JOIN partsupp ps ON ps.ps_partkey = l.l_partkey AND ps.ps_suppkey = l.l_suppkey;,easy,deep-join|count|no-time-filter
random thought - about can we see something simple for before 1997 maybe pricey items,SELECT COUNT(*) AS total_rows FROM orders o JOIN customer c ON c.c_custkey = o.o_custkey JOIN nation nc ON nc.n_nationkey = c.n_nationkey JOIN region rc ON rc.r_regionkey = nc.n_regionkey JOIN lineitem l ON l.l_orderkey = o.o_orderkey JOIN supplier s ON s.s_suppkey = l.l_suppkey JOIN nation ns ON ns.n_nationkey = s.s_nationkey JOIN region rs ON rs.r_regionkey = ns.r_regionkey JOIN part p ON p.p_partkey = l.l_partkey JOIN partsupp ps ON ps.ps_partkey = l.l_partkey AND ps.ps_suppkey = l.l_suppkey;,easy,deep-join|count|no-time-filter
hey sort of can you check overall numbers for after 1992 i think maybe fast shipments,SELECT COUNT(*) AS total_rows FROM orders o JOIN customer c ON c.c_custkey = o.o_custkey JOIN nation nc ON nc.n_nationkey = c.n_nationkey JOIN region rc ON rc.r_regionkey = nc.n_regionkey JOIN lineitem l ON l.l_orderkey = o.o_orderkey JOIN supplier s ON s.s_suppkey = l.l_suppkey JOIN nation ns ON ns.n_nationkey = s.s_nationkey JOIN region rs ON rs.r_regionkey = ns.r_regionkey JOIN part p ON p.p_partkey = l.l_partkey JOIN partsupp ps ON ps.ps_partkey = l.l_partkey AND ps.ps_suppkey = l.l_suppkey;,easy,deep-join|count|no-time-filter
tiny question roughly can we see something simple for in that 90s window maybe europe-ish countries,SELECT COUNT(*) AS total_rows FROM orders o JOIN customer c ON c.c_custkey = o.o_custkey JOIN nation nc ON nc.n_nationkey = c.n_nationkey JOIN region rc ON rc.r_regionkey = nc.n_regionkey JOIN lineitem l ON l.l_orderkey = o.o_orderkey JOIN supplier s ON s.s_suppkey = l.l_suppkey JOIN nation ns ON ns.n_nationkey = s.s_nationkey JOIN region rs ON rs.r_regionkey = ns.r_regionkey JOIN part p ON p.p_partkey = l.l_partkey JOIN partsupp ps ON ps.ps_partkey = l.l_partkey AND ps.ps_suppkey = l.l_suppkey;,easy,deep-join|count|no-time-filter
pls about just a quick total in since the early 90s maybe household segment folks,SELECT SUM(l.l_quantity) AS total_qty FROM orders o JOIN customer c ON c.c_custkey = o.o_custkey JOIN nation nc ON nc.n_nationkey = c.n_nationkey JOIN region rc ON rc.r_regionkey = nc.n_regionkey JOIN lineitem l ON l.l_orderkey = o.o_orderkey JOIN supplier s ON s.s_suppkey = l.l_suppkey JOIN nation ns ON ns.n_nationkey = s.s_nationkey JOIN region rs ON rs.r_regionkey = ns.r_regionkey JOIN part p ON p.p_partkey = l.l_partkey JOIN partsupp ps ON ps.ps_partkey = l.l_partkey AND ps.ps_suppkey = l.l_suppkey;,easy,deep-join|sum|no-time-filter
ok so kinda just curious something simple in after 1992 i think maybe bigger orders,SELECT SUM(l.l_quantity) AS total_qty FROM orders o JOIN customer c ON c.c_custkey = o.o_custkey JOIN nation nc ON nc.n_nationkey = c.n_nationkey JOIN region rc ON rc.r_regionkey = nc.n_regionkey JOIN lineitem l ON l.l_orderkey = o.o_orderkey JOIN supplier s ON s.s_suppkey = l.l_suppkey JOIN nation ns ON ns.n_nationkey = s.s_nationkey JOIN region rs ON rs.r_regionkey = ns.r_regionkey JOIN part p ON p.p_partkey = l.l_partkey JOIN partsupp ps ON ps.ps_partkey = l.l_partkey AND ps.ps_suppkey = l.l_suppkey;,easy,deep-join|sum|no-time-filter
ok so roughly for Brand#11 and folks in EUROPE who are into HOUSEHOLD how does it look lately maybe by regions of customer vs supplier,"SELECT rc.r_name AS cust_region, rs.r_name AS supp_region, p.p_brand, COUNT(*) AS trips, AVG(l.l_tax) AS avg_tax FROM orders o JOIN customer c ON c.c_custkey = o.o_custkey JOIN nation nc ON nc.n_nationkey = c.c_nationkey JOIN region rc ON rc.r_regionkey = nc.n_regionkey JOIN lineitem l ON l.l_orderkey = o.o_orderkey JOIN supplier s ON s.s_suppkey = l.l_suppkey JOIN nation ns ON ns.n_nationkey = s.s_nationkey JOIN region rs ON rs.r_regionkey = ns.n_regionkey JOIN part p ON p.p_partkey = l.l_partkey JOIN partsupp ps ON ps.ps_partkey = l.l_partkey AND ps.ps_suppkey = l.l_suppkey WHERE l.l_shipdate >= DATE '1993-01-01' AND l.l_shipdate < DATE '1996-01-01' AND p.p_brand = 'Brand#11' AND rc.r_name = 'EUROPE' AND c.c_mktsegment = 'HOUSEHOLD' GROUP BY rc.r_name, rs.r_name, p.p_brand ORDER BY trips DESC LIMIT 20;",medium,deep-join|groupby|brand|segment|region
hmm sort of for Brand#15 and folks in AMERICA who are into AUTOMOBILE how does it look these days maybe by regions of customer vs supplier,"SELECT rc.r_name AS cust_region, rs.r_name AS supp_region, p.p_brand, COUNT(*) AS trips, AVG(l.l_tax) AS avg_tax FROM orders o JOIN customer c ON c.c_custkey = o.o_custkey JOIN nation nc ON nc.n_nationkey = c.c_nationkey JOIN region rc ON rc.r_regionkey = nc.n_regionkey JOIN lineitem l ON l.l_orderkey = o.o_orderkey JOIN supplier s ON s.s_suppkey = l.l_suppkey JOIN nation ns ON ns.n_nationkey = s.s_nationkey JOIN region rs ON rs.r_regionkey = ns.n_regionkey JOIN part p ON p.p_partkey = l.l_partkey JOIN partsupp ps ON ps.ps_partkey = l.l_partkey AND ps.ps_suppkey = l.l_suppkey WHERE l.l_shipdate >= DATE '1994-01-01' AND l.l_shipdate < DATE '1997-01-01' AND p.p_brand = 'Brand#15' AND rc.r_name = 'AMERICA' AND c.c_mktsegment = 'AUTOMOBILE' GROUP BY rc.r_name, rs.r_name, p.p_brand ORDER BY trips DESC LIMIT 20;",medium,deep-join|groupby|brand|segment|region
random thought - kinda for Brand#20 and folks in ASIA who are into BUILDING how does it look lately maybe by regions of customer vs supplier,"SELECT rc.r_name AS cust_region, rs.r_name AS supp_region, p.p_brand, COUNT(*) AS trips, AVG(l.l_tax) AS avg_tax FROM orders o JOIN customer c ON c.c_custkey = o.o_custkey JOIN nation nc ON nc.n_nationkey = c.c_nationkey JOIN region rc ON rc.r_regionkey = nc.n_regionkey JOIN lineitem l ON l.l_orderkey = o.o_orderkey JOIN supplier s ON s.s_suppkey = l.l_suppkey JOIN nation ns ON ns.n_nationkey = s.s_nationkey JOIN region rs ON rs.r_regionkey = ns.n_regionkey JOIN part p ON p.p_partkey = l.l_partkey JOIN partsupp ps ON ps.ps_partkey = l.l_partkey AND ps.ps_suppkey = l.l_suppkey WHERE l.l_shipdate >= DATE '1992-01-01' AND l.l_shipdate < DATE '1995-01-01' AND p.p_brand = 'Brand#20' AND rc.r_name = 'ASIA' AND c.c_mktsegment = 'BUILDING' GROUP BY rc.r_name, rs.r_name, p.p_brand ORDER BY trips DESC LIMIT 20;",medium,deep-join|groupby|brand|segment|region
quick one about for Brand#25 and folks in AFRICA who are into MACHINERY how does it look these days maybe by regions of customer vs supplier,"SELECT rc.r_name AS cust_region, rs.r_name AS supp_region, p.p_brand, COUNT(*) AS trips, AVG(l.l_tax) AS avg_tax FROM orders o JOIN customer c ON c.c_custkey = o.o_custkey JOIN nation nc ON nc.n_nationkey = c.c_nationkey JOIN region rc ON rc.r_regionkey = nc.n_regionkey JOIN lineitem l ON l.l_orderkey = o.o_orderkey JOIN supplier s ON s.s_suppkey = l.l_suppkey JOIN nation ns ON ns.n_nationkey = s.s_nationkey JOIN region rs ON rs.r_regionkey = ns.n_regionkey JOIN part p ON p.p_partkey = l.l_partkey JOIN partsupp ps ON ps.ps_partkey = l.l_partkey AND ps.ps_suppkey = l.l_suppkey WHERE l.l_shipdate >= DATE '1995-01-01' AND l.l_shipdate < DATE '1998-01-01' AND p.p_brand = 'Brand#25' AND rc.r_name = 'AFRICA' AND c.c_mktsegment = 'MACHINERY' GROUP BY rc.r_name, rs.r_name, p.p_brand ORDER BY trips DESC LIMIT 20;",medium,deep-join|groupby|brand|segment|region
btw roughly for Brand#30 and folks in MIDDLE EAST who are into FURNITURE how does it look lately maybe by regions of customer vs supplier,"SELECT rc.r_name AS cust_region, rs.r_name AS supp_region, p.p_brand, COUNT(*) AS trips, AVG(l.l_tax) AS avg_tax FROM orders o JOIN customer c ON c.c_custkey = o.o_custkey JOIN nation nc ON nc.n_nationkey = c.c_nationkey JOIN region rc ON rc.r_regionkey = nc.n_regionkey JOIN lineitem l ON l.l_orderkey = o.o_orderkey JOIN supplier s ON s.s_suppkey = l.l_suppkey JOIN nation ns ON ns.n_nationkey = s.s_nationkey JOIN region rs ON rs.r_regionkey = ns.n_regionkey JOIN part p ON p.p_partkey = l.l_partkey JOIN partsupp ps ON ps.ps_partkey = l.l_partkey AND ps.ps_suppkey = l.l_suppkey WHERE l.l_shipdate >= DATE '1993-01-01' AND l.l_shipdate < DATE '1996-01-01' AND p.p_brand = 'Brand#30' AND rc.r_name = 'MIDDLE EAST' AND c.c_mktsegment = 'FURNITURE' GROUP BY rc.r_name, rs.r_name, p.p_brand ORDER BY trips DESC LIMIT 20;",medium,deep-join|groupby|brand|segment|region
hmm just curious for Brand#11 and folks in EUROPE who are into HOUSEHOLD how does it look these days maybe by regions of customer vs supplier,"SELECT rc.r_name AS cust_region, rs.r_name AS supp_region, p.p_brand, COUNT(*) AS trips, AVG(l.l_tax) AS avg_tax FROM orders o JOIN customer c ON c.c_custkey = o.o_custkey JOIN nation nc ON nc.n_nationkey = c.c_nationkey JOIN region rc ON rc.r_regionkey = nc.n_regionkey JOIN lineitem l ON l.l_orderkey = o.o_orderkey JOIN supplier s ON s.s_suppkey = l.l_suppkey JOIN nation ns ON ns.n_nationkey = s.s_nationkey JOIN region rs ON rs.r_regionkey = ns.n_regionkey JOIN part p ON p.p_partkey = l.l_partkey JOIN partsupp ps ON ps.ps_partkey = l.l_partkey AND ps.ps_suppkey = l.l_suppkey WHERE p.p_brand = 'Brand#11' AND rc.r_name = 'EUROPE' AND c.c_mktsegment = 'HOUSEHOLD' GROUP BY rc.r_name, rs.r_name, p.p_brand ORDER BY trips DESC LIMIT 20;",medium,deep-join|groupby|brand|segment|region
ok so sort of for Brand#15 and folks in AMERICA who are into AUTOMOBILE how does it look lately maybe by regions of customer vs supplier,"SELECT rc.r_name AS cust_region, rs.r_name AS supp_region, p.p_brand, COUNT(*) AS trips, AVG(l.l_tax) AS avg_tax FROM orders o JOIN customer c ON c.c_custkey = o.o_custkey JOIN nation nc ON nc.n_nationkey = c.c_nationkey JOIN region rc ON rc.r_regionkey = nc.n_regionkey JOIN lineitem l ON l.l_orderkey = o.o_orderkey JOIN supplier s ON s.s_suppkey = l.l_suppkey JOIN nation ns ON ns.n_nationkey = s.s_nationkey JOIN region rs ON rs.r_regionkey = ns.n_regionkey JOIN part p ON p.p_partkey = l.l_partkey JOIN partsupp ps ON ps.ps_partkey = l.l_partkey AND ps.ps_suppkey = l.l_suppkey WHERE p.p_brand = 'Brand#15' AND rc.r_name = 'AMERICA' AND c.c_mktsegment = 'AUTOMOBILE' GROUP BY rc.r_name, rs.r_name, p.p_brand ORDER BY trips DESC LIMIT 20;",medium,deep-join|groupby|brand|segment|region
random thought - roughly for Brand#20 and folks in ASIA who are into BUILDING how does it look these days maybe by regions of customer vs supplier,"SELECT rc.r_name AS cust_region, rs.r_name AS supp_region, p.p_brand, COUNT(*) AS trips, AVG(l.l_tax) AS avg_tax FROM orders o JOIN customer c ON c.c_custkey = o.o_custkey JOIN nation nc ON nc.n_nationkey = c.c_nationkey JOIN region rc ON rc.r_regionkey = nc.n_regionkey JOIN lineitem l ON l.l_orderkey = o.o_orderkey JOIN supplier s ON s.s_suppkey = l.l_suppkey JOIN nation ns ON ns.n_nationkey = s.s_nationkey JOIN region rs ON rs.r_regionkey = ns.n_regionkey JOIN part p ON p.p_partkey = l.l_partkey JOIN partsupp ps ON ps.ps_partkey = l.l_partkey AND ps.ps_suppkey = l.l_suppkey WHERE p.p_brand = 'Brand#20' AND rc.r_name = 'ASIA' AND c.c_mktsegment = 'BUILDING' GROUP BY rc.r_name, rs.r_name, p.p_brand ORDER BY trips DESC LIMIT 20;",medium,deep-join|groupby|brand|segment|region
hey kinda for Brand#25 and folks in AFRICA who are into MACHINERY how does it look lately maybe by regions of customer vs supplier,"SELECT rc.r_name AS cust_region, rs.r_name AS supp_region, p.p_brand, COUNT(*) AS trips, AVG(l.l_tax) AS avg_tax FROM orders o JOIN customer c ON c.c_custkey = o.o_custkey JOIN nation nc ON nc.n_nationkey = c.c_nationkey JOIN region rc ON rc.r_regionkey = nc.n_regionkey JOIN lineitem l ON l.l_orderkey = o.o_orderkey JOIN supplier s ON s.s_suppkey = l.l_suppkey JOIN nation ns ON ns.n_nationkey = s.s_nationkey JOIN region rs ON rs.r_regionkey = ns.n_regionkey JOIN part p ON p.p_partkey = l.l_partkey JOIN partsupp ps ON ps.ps_partkey = l.l_partkey AND ps.ps_suppkey = l.l_suppkey WHERE p.p_brand = 'Brand#25' AND rc.r_name = 'AFRICA' AND c.c_mktsegment = 'MACHINERY' GROUP BY rc.r_name, rs.r_name, p.p_brand ORDER BY trips DESC LIMIT 20;",medium,deep-join|groupby|brand|segment|region
tiny question around for Brand#30 and folks in MIDDLE EAST who are into FURNITURE how does it look lately maybe by regions of customer vs supplier,"SELECT rc.r_name AS cust_region, rs.r_name AS supp_region, p.p_brand, COUNT(*) AS trips, AVG(l.l_tax) AS avg_tax FROM orders o JOIN customer c ON c.c_custkey = o.o_custkey JOIN nation nc ON nc.n_nationkey = c.c_nationkey JOIN region rc ON rc.r_regionkey = nc.n_regionkey JOIN lineitem l ON l.l_orderkey = o.o_orderkey JOIN supplier s ON s.s_suppkey = l.l_suppkey JOIN nation ns ON ns.n_nationkey = s.s_nationkey JOIN region rs ON rs.r_regionkey = ns.n_regionkey JOIN part p ON p.p_partkey = l.l_partkey JOIN partsupp ps ON ps.ps_partkey = l.l_partkey AND ps.ps_suppkey = l.l_suppkey WHERE p.p_brand = 'Brand#30' AND rc.r_name = 'MIDDLE EAST' AND c.c_mktsegment = 'FURNITURE' GROUP BY rc.r_name, rs.r_name, p.p_brand ORDER BY trips DESC LIMIT 20;",medium,deep-join|groupby|brand|segment|region
btw about for Brand#11 and folks in EUROPE who are into HOUSEHOLD how does it look lately maybe by regions of customer vs supplier with time filter,"SELECT rc.r_name AS cust_region, rs.r_name AS supp_region, p.p_brand, COUNT(*) AS trips, AVG(l.l_tax) AS avg_tax FROM orders o JOIN customer c ON c.c_custkey = o.o_custkey JOIN nation nc ON nc.n_nationkey = c.c_nationkey JOIN region rc ON rc.r_regionkey = nc.n_regionkey JOIN lineitem l ON l.l_orderkey = o.o_orderkey JOIN supplier s ON s.s_suppkey = l.l_suppkey JOIN nation ns ON ns.n_nationkey = s.s_nationkey JOIN region rs ON rs.r_regionkey = ns.n_regionkey JOIN part p ON p.p_partkey = l.l_partkey JOIN partsupp ps ON ps.ps_partkey = l.l_partkey AND ps.ps_suppkey = l.l_suppkey WHERE l.l_shipdate >= DATE '1992-01-01' AND l.l_shipdate < DATE '1994-01-01' AND p.p_brand = 'Brand#11' AND rc.r_name = 'EUROPE' AND c.c_mktsegment = 'HOUSEHOLD' GROUP BY rc.r_name, rs.r_name, p.p_brand ORDER BY trips DESC LIMIT 20;",medium,deep-join|groupby|brand|segment|region|time-range
hmm sort of for Brand#15 and folks in AMERICA who are into AUTOMOBILE how does it look in that 90s window maybe by regions of customer vs supplier,"SELECT rc.r_name AS cust_region, rs.r_name AS supp_region, p.p_brand, COUNT(*) AS trips, AVG(l.l_tax) AS avg_tax FROM orders o JOIN customer c ON c.c_custkey = o.o_custkey JOIN nation nc ON nc.n_nationkey = c.c_nationkey JOIN region rc ON rc.r_regionkey = nc.n_regionkey JOIN lineitem l ON l.l_orderkey = o.o_orderkey JOIN supplier s ON s.s_suppkey = l.l_suppkey JOIN nation ns ON ns.n_nationkey = s.s_nationkey JOIN region rs ON rs.r_regionkey = ns.n_regionkey JOIN part p ON p.p_partkey = l.l_partkey JOIN partsupp ps ON ps.ps_partkey = l.l_partkey AND ps.ps_suppkey = l.l_suppkey WHERE l.l_shipdate >= DATE '1993-01-01' AND l.l_shipdate < DATE '1996-01-01' AND p.p_brand = 'Brand#15' AND rc.r_name = 'AMERICA' AND c.c_mktsegment = 'AUTOMOBILE' GROUP BY rc.r_name, rs.r_name, p.p_brand ORDER BY trips DESC LIMIT 20;",medium,deep-join|groupby|brand|segment|region|time-range
random thought - around for Brand#20 and folks in ASIA who are into BUILDING how does it look like 1995-ish maybe by regions of customer vs supplier,"SELECT rc.r_name AS cust_region, rs.r_name AS supp_region, p.p_brand, COUNT(*) AS trips, AVG(l.l_tax) AS avg_tax FROM orders o JOIN customer c ON c.c_custkey = o.o_custkey JOIN nation nc ON nc.n_nationkey = c.c_nationkey JOIN region rc ON rc.r_regionkey = nc.n_regionkey JOIN lineitem l ON l.l_orderkey = o.o_orderkey JOIN supplier s ON s.s_suppkey = l.l_suppkey JOIN nation ns ON ns.n_nationkey = s.s_nationkey JOIN region rs ON rs.r_regionkey = ns.n_regionkey JOIN part p ON p.p_partkey = l.l_partkey JOIN partsupp ps ON ps.ps_partkey = l.l_partkey AND ps.ps_suppkey = l.l_suppkey WHERE l.l_shipdate >= DATE '1995-01-01' AND l.l_shipdate < DATE '1997-01-01' AND p.p_brand = 'Brand#20' AND rc.r_name = 'ASIA' AND c.c_mktsegment = 'BUILDING' GROUP BY rc.r_name, rs.r_name, p.p_brand ORDER BY trips DESC LIMIT 20;",medium,deep-join|groupby|brand|segment|region|time-range
hey kinda for Brand#25 and folks in AFRICA who are into MACHINERY how does it look around 1993 to 1996 maybe by regions of customer vs supplier,"SELECT rc.r_name AS cust_region, rs.r_name AS supp_region, p.p_brand, COUNT(*) AS trips, AVG(l.l_tax) AS avg_tax FROM orders o JOIN customer c ON c.c_custkey = o.o_custkey JOIN nation nc ON nc.n_nationkey = c.c_nationkey JOIN region rc ON rc.r_regionkey = nc.n_regionkey JOIN lineitem l ON l.l_orderkey = o.o_orderkey JOIN supplier s ON s.s_suppkey = l.l_suppkey JOIN nation ns ON ns.n_nationkey = s.s_nationkey JOIN region rs ON rs.r_regionkey = ns.n_regionkey JOIN part p ON p.p_partkey = l.l_partkey JOIN partsupp ps ON ps.ps_partkey = l.l_partkey AND ps.ps_suppkey = l.l_suppkey WHERE l.l_shipdate >= DATE '1993-01-01' AND l.l_shipdate < DATE '1997-01-01' AND p.p_brand = 'Brand#25' AND rc.r_name = 'AFRICA' AND c.c_mktsegment = 'MACHINERY' GROUP BY rc.r_name, rs.r_name, p.p_brand ORDER BY trips DESC LIMIT 20;",medium,deep-join|groupby|brand|segment|region|time-range
tiny question sort of for Brand#30 and folks in MIDDLE EAST who are into FURNITURE how does it look back in the mid 90s maybe by regions of customer vs supplier,"SELECT rc.r_name AS cust_region, rs.r_name AS supp_region, p.p_brand, COUNT(*) AS trips, AVG(l.l_tax) AS avg_tax FROM orders o JOIN customer c ON c.c_custkey = o.o_custkey JOIN nation nc ON nc.n_nationkey = c.c_nationkey JOIN region rc ON rc.r_regionkey = nc.n_regionkey JOIN lineitem l ON l.l_orderkey = o.o_orderkey JOIN supplier s ON s.s_suppkey = l.l_suppkey JOIN nation ns ON ns.n_nationkey = s.s_nationkey JOIN region rs ON rs.r_regionkey = ns.n_regionkey JOIN part p ON p.p_partkey = l.l_partkey JOIN partsupp ps ON ps.ps_partkey = l.l_partkey AND ps.ps_suppkey = l.l_suppkey WHERE l.l_shipdate >= DATE '1993-01-01' AND l.l_shipdate < DATE '1995-01-01' AND p.p_brand = 'Brand#30' AND rc.r_name = 'MIDDLE EAST' AND c.c_mktsegment = 'FURNITURE' GROUP BY rc.r_name, rs.r_name, p.p_brand ORDER BY trips DESC LIMIT 20;",medium,deep-join|groupby|brand|segment|region|time-range
pls about for Brand#11 and folks in EUROPE who are into HOUSEHOLD how does it look roughly in 1995-ish maybe by regions of customer vs supplier,"SELECT rc.r_name AS cust_region, rs.r_name AS supp_region, p.p_brand, COUNT(*) AS trips, AVG(l.l_tax) AS avg_tax FROM orders o JOIN customer c ON c.c_custkey = o.o_custkey JOIN nation nc ON nc.n_nationkey = c.c_nationkey JOIN region rc ON rc.r_regionkey = nc.n_regionkey JOIN lineitem l ON l.l_orderkey = o.o_orderkey JOIN supplier s ON s.s_suppkey = l.l_suppkey JOIN nation ns ON ns.n_nationkey = s.s_nationkey JOIN region rs ON rs.r_regionkey = ns.n_regionkey JOIN part p ON p.p_partkey = l.l_partkey JOIN partsupp ps ON ps.ps_partkey = l.l_partkey AND ps.ps_suppkey = l.l_suppkey WHERE l.l_shipdate >= DATE '1995-01-01' AND l.l_shipdate < DATE '1996-01-01' AND p.p_brand = 'Brand#11' AND rc.r_name = 'EUROPE' AND c.c_mktsegment = 'HOUSEHOLD' GROUP BY rc.r_name, rs.r_name, p.p_brand ORDER BY trips DESC LIMIT 20;",medium,deep-join|groupby|brand|segment|region|time-range
ok so idk but for Brand#15 and folks in AMERICA who are into AUTOMOBILE how does it look not earlier than 1994 maybe by regions of customer vs supplier,"SELECT rc.r_name AS cust_region, rs.r_name AS supp_region, p.p_brand, COUNT(*) AS trips, AVG(l.l_tax) AS avg_tax FROM orders o JOIN customer c ON c.c_custkey = o.o_custkey JOIN nation nc ON nc.n_nationkey = c.c_nationkey JOIN region rc ON rc.r_regionkey = nc.n_regionkey JOIN lineitem l ON l.l_orderkey = o.o_orderkey JOIN supplier s ON s.s_suppkey = l.l_suppkey JOIN nation ns ON ns.n_nationkey = s.s_nationkey JOIN region rs ON rs.r_regionkey = ns.n_regionkey JOIN part p ON p.p_partkey = l.l_partkey JOIN partsupp ps ON ps.ps_partkey = l.l_partkey AND ps.ps_suppkey = l.l_suppkey WHERE l.l_shipdate >= DATE '1994-01-01' AND p.p_brand = 'Brand#15' AND rc.r_name = 'AMERICA' AND c.c_mktsegment = 'AUTOMOBILE' GROUP BY rc.r_name, rs.r_name, p.p_brand ORDER BY trips DESC LIMIT 20;",medium,deep-join|groupby|brand|segment|region|time-range
hmm around for Brand#05 and people in ASIA kind of in HOUSEHOLD segment how are things looking lately by customer vs supplier region,"SELECT rc.r_name AS cust_region, rs.r_name AS supp_region, p.p_brand, COUNT(*) AS trips, AVG(l.l_discount) AS avg_disc
FROM orders o
JOIN customer c ON c.c_custkey = o.o_custkey
JOIN nation nc ON nc.n_nationkey = c.c_nationkey
JOIN region rc ON rc.r_regionkey = nc.n_regionkey
JOIN lineitem l ON l.l_orderkey = o.o_orderkey
JOIN supplier s ON s.s_suppkey = l.l_suppkey
JOIN nation ns ON ns.n_nationkey = s.s_nationkey
JOIN region rs ON rs.r_regionkey = ns.n_regionkey
JOIN part p ON p.p_partkey = l.l_partkey
JOIN partsupp ps ON ps.ps_partkey = l.l_partkey AND ps.ps_suppkey = l.l_suppkey
WHERE l.l_shipdate >= DATE '1992-01-01'
  AND l.l_shipdate < DATE '1994-01-01'
  AND p.p_brand = 'Brand#05'
  AND rc.r_name = 'ASIA'
  AND c.c_mktsegment = 'HOUSEHOLD'
GROUP BY rc.r_name, rs.r_name, p.p_brand
ORDER BY trips DESC
LIMIT 15",medium,deep-join|groupby|brand|segment|region|time-range
quick one sorta for Brand#40 in AMERICA for the FURNITURE crowd how busy are routes lately between customer and supplier regions,"SELECT rc.r_name AS cust_region, rs.r_name AS supp_region, p.p_brand, COUNT(*) AS trips, AVG(l.l_tax) AS avg_tax
FROM orders o
JOIN customer c ON c.c_custkey = o.o_custkey
JOIN nation nc ON nc.n_nationkey = c.c_nationkey
JOIN region rc ON rc.r_regionkey = nc.n_regionkey
JOIN lineitem l ON l.l_orderkey = o.o_orderkey
JOIN supplier s ON s.s_suppkey = l.l_suppkey
JOIN nation ns ON ns.n_nationkey = s.s_nationkey
JOIN region rs ON rs.r_regionkey = ns.n_regionkey
JOIN part p ON p.p_partkey = l.l_partkey
JOIN partsupp ps ON ps.ps_partkey = l.l_partkey AND ps.ps_suppkey = l.l_suppkey
WHERE o.o_orderdate >= DATE '1993-01-01'
  AND p.p_brand = 'Brand#40'
  AND rc.r_name = 'AMERICA'
  AND c.c_mktsegment = 'FURNITURE'
GROUP BY rc.r_name, rs.r_name, p.p_brand
ORDER BY trips DESC
LIMIT 20",medium,deep-join|groupby|brand|segment|region|time-range
btw kinda wondering for Brand#22 in EUROPE across all segments which customer regions send the most traffic to which supplier regions these days,"SELECT rc.r_name AS cust_region, rs.r_name AS supp_region, p.p_brand, COUNT(*) AS trips, AVG(l.l_quantity) AS avg_qty
FROM orders o
JOIN customer c ON c.c_custkey = o.o_custkey
JOIN nation nc ON nc.n_nationkey = c.c_nationkey
JOIN region rc ON rc.r_regionkey = nc.n_regionkey
JOIN lineitem l ON l.l_orderkey = o.o_orderkey
JOIN supplier s ON s.s_suppkey = l.l_suppkey
JOIN nation ns ON ns.n_nationkey = s.s_nationkey
JOIN region rs ON rs.r_regionkey = ns.n_regionkey
JOIN part p ON p.p_partkey = l.l_partkey
JOIN partsupp ps ON ps.ps_partkey = l.l_partkey AND ps.ps_suppkey = l.l_suppkey
WHERE o.o_orderdate >= DATE '1994-01-01'
  AND o.o_orderdate < DATE '1997-01-01'
  AND p.p_brand = 'Brand#22'
  AND rc.r_name = 'EUROPE'
GROUP BY rc.r_name, rs.r_name, p.p_brand
ORDER BY trips DESC
LIMIT 25",medium,deep-join|groupby|brand|region|time-range
hmm thinking out loud for Brand#11 shipped via AIR some time between 1993-1995 which customer vs supplier regions seem to dominate revenue top 5 per customer region pls,"WITH base AS ( SELECT o.o_orderkey, c.c_custkey, rc.r_name AS cust_region, rs.r_name AS supp_region, p.p_partkey, p.p_brand, l.l_extendedprice*(1-l.l_discount) AS rev FROM orders o JOIN customer c ON c.c_custkey = o.o_custkey JOIN nation nc ON nc.n_nationkey = c.c_nationkey JOIN region rc ON rc.r_regionkey = nc.n_regionkey JOIN lineitem l ON l.l_orderkey = o.o_orderkey JOIN supplier s ON s.s_suppkey = l.l_suppkey JOIN nation ns ON ns.n_nationkey = s.s_nationkey JOIN region rs ON rs.r_regionkey = ns.n_regionkey JOIN part p ON p.p_partkey = l.l_partkey JOIN partsupp ps ON ps.ps_partkey = l.l_partkey AND ps.ps_suppkey = l.l_suppkey WHERE o.o_orderdate >= DATE '1993-01-01' AND o.o_orderdate < DATE '1995-01-01' AND l.l_shipmode = 'AIR' AND p.p_brand = 'Brand#11' ), roll AS ( SELECT cust_region, supp_region, p_brand, SUM(rev) AS total_rev, RANK() OVER (PARTITION BY cust_region ORDER BY SUM(rev) DESC) AS rnk FROM base GROUP BY cust_region, supp_region, p_brand ) SELECT cust_region, supp_region, p_brand, total_rev FROM roll WHERE rnk <= 5 ORDER BY cust_region, total_rev DESC;",hard,deep-join|window|rank|topk|brand|shipmode|time-range
quick one sorta for Brand#15 shipped via TRUCK roughly around 1994-1996 which customer vs supplier regions are kind of dominating revenue top 5 per customer region pls,"WITH base AS ( SELECT o.o_orderkey, c.c_custkey, rc.r_name AS cust_region, rs.r_name AS supp_region, p.p_partkey, p.p_brand, l.l_extendedprice*(1-l.l_discount) AS rev FROM orders o JOIN customer c ON c.c_custkey = o.o_custkey JOIN nation nc ON nc.n_nationkey = c.c_nationkey JOIN region rc ON rc.r_regionkey = nc.n_regionkey JOIN lineitem l ON l.l_orderkey = o.o_orderkey JOIN supplier s ON s.s_suppkey = l.l_suppkey JOIN nation ns ON ns.n_nationkey = s.s_nationkey JOIN region rs ON rs.r_regionkey = ns.n_regionkey JOIN part p ON p.p_partkey = l.l_partkey JOIN partsupp ps ON ps.ps_partkey = l.l_partkey AND ps.ps_suppkey = l.l_suppkey WHERE o.o_orderdate >= DATE '1994-01-01' AND o.o_orderdate < DATE '1996-01-01' AND l.l_shipmode = 'TRUCK' AND p.p_brand = 'Brand#15' ), roll AS ( SELECT cust_region, supp_region, p_brand, SUM(rev) AS total_rev, RANK() OVER (PARTITION BY cust_region ORDER BY SUM(rev) DESC) AS rnk FROM base GROUP BY cust_region, supp_region, p_brand ) SELECT cust_region, supp_region, p_brand, total_rev FROM roll WHERE rnk <= 5 ORDER BY cust_region, total_rev DESC;",hard,deep-join|window|rank|topk|brand|shipmode|time-range
random thought idk but for Brand#20 shipped via SHIP some time between 1992-1997 which customer vs supplier regions seem to dominate revenue top 5 per customer region pls,"WITH base AS ( SELECT o.o_orderkey, c.c_custkey, rc.r_name AS cust_region, rs.r_name AS supp_region, p.p_partkey, p.p_brand, l.l_extendedprice*(1-l.l_discount) AS rev FROM orders o JOIN customer c ON c.c_custkey = o.o_custkey JOIN nation nc ON nc.n_nationkey = c.c_nationkey JOIN region rc ON rc.r_regionkey = nc.n_regionkey JOIN lineitem l ON l.l_orderkey = o.o_orderkey JOIN supplier s ON s.s_suppkey = l.l_suppkey JOIN nation ns ON ns.n_nationkey = s.s_nationkey JOIN region rs ON rs.r_regionkey = ns.n_regionkey JOIN part p ON p.p_partkey = l.l_partkey JOIN partsupp ps ON ps.ps_partkey = l.l_partkey AND ps.ps_suppkey = l.l_suppkey WHERE o.o_orderdate >= DATE '1992-01-01' AND o.o_orderdate < DATE '1997-01-01' AND l.l_shipmode = 'SHIP' AND p.p_brand = 'Brand#20' ), roll AS ( SELECT cust_region, supp_region, p_brand, SUM(rev) AS total_rev, RANK() OVER (PARTITION BY cust_region ORDER BY SUM(rev) DESC) AS rnk FROM base GROUP BY cust_region, supp_region, p_brand ) SELECT cust_region, supp_region, p_brand, total_rev FROM roll WHERE rnk <= 5 ORDER BY cust_region, total_rev DESC;",hard,deep-join|window|rank|topk|brand|shipmode|time-range
hey just curious for Brand#25 shipped via MAIL roughly around 1993-1996 which customer vs supplier regions seem to dominate revenue top 5 per customer region pls,"WITH base AS ( SELECT o.o_orderkey, c.c_custkey, rc.r_name AS cust_region, rs.r_name AS supp_region, p.p_partkey, p.p_brand, l.l_extendedprice*(1-l.l_discount) AS rev FROM orders o JOIN customer c ON c.c_custkey = o.o_custkey JOIN nation nc ON nc.n_nationkey = c.c_nationkey JOIN region rc ON rc.r_regionkey = nc.n_regionkey JOIN lineitem l ON l.l_orderkey = o.o_orderkey JOIN supplier s ON s.s_suppkey = l.l_suppkey JOIN nation ns ON ns.n_nationkey = s.s_nationkey JOIN region rs ON rs.r_regionkey = ns.n_regionkey JOIN part p ON p.p_partkey = l.l_partkey JOIN partsupp ps ON ps.ps_partkey = l.l_partkey AND ps.ps_suppkey = l.l_suppkey WHERE o.o_orderdate >= DATE '1993-01-01' AND o.o_orderdate < DATE '1996-01-01' AND l.l_shipmode = 'MAIL' AND p.p_brand = 'Brand#25' ), roll AS ( SELECT cust_region, supp_region, p_brand, SUM(rev) AS total_rev, RANK() OVER (PARTITION BY cust_region ORDER BY SUM(rev) DESC) AS rnk FROM base GROUP BY cust_region, supp_region, p_brand ) SELECT cust_region, supp_region, p_brand, total_rev FROM roll WHERE rnk <= 5 ORDER BY cust_region, total_rev DESC;",hard,deep-join|window|rank|topk|brand|shipmode|time-range
tiny question kinda for Brand#30 shipped via RAIL some time between 1994-1997 which customer vs supplier regions are dominating revenue top 5 per customer region pls,"WITH base AS ( SELECT o.o_orderkey, c.c_custkey, rc.r_name AS cust_region, rs.r_name AS supp_region, p.p_partkey, p.p_brand, l.l_extendedprice*(1-l.l_discount) AS rev FROM orders o JOIN customer c ON c.c_custkey = o.o_custkey JOIN nation nc ON nc.n_nationkey = c.c_nationkey JOIN region rc ON rc.r_regionkey = nc.n_regionkey JOIN lineitem l ON l.l_orderkey = o.o_orderkey JOIN supplier s ON s.s_suppkey = l.l_suppkey JOIN nation ns ON ns.n_nationkey = s.s_nationkey JOIN region rs ON rs.r_regionkey = ns.n_regionkey JOIN part p ON p.p_partkey = l.l_partkey JOIN partsupp ps ON ps.ps_partkey = l.l_partkey AND ps.ps_suppkey = l.l_suppkey WHERE o.o_orderdate >= DATE '1994-01-01' AND o.o_orderdate < DATE '1997-01-01' AND l.l_shipmode = 'RAIL' AND p.p_brand = 'Brand#30' ), roll AS ( SELECT cust_region, supp_region, p_brand, SUM(rev) AS total_rev, RANK() OVER (PARTITION BY cust_region ORDER BY SUM(rev) DESC) AS rnk FROM base GROUP BY cust_region, supp_region, p_brand ) SELECT cust_region, supp_region, p_brand, total_rev FROM roll WHERE rnk <= 5 ORDER BY cust_region, total_rev DESC;",hard,deep-join|window|rank|topk|brand|shipmode|time-range
pls sort of for Brand#11 shipped via TRUCK roughly around 1993-1996 which customer vs supplier regions seem to dominate revenue top 5 per customer region pls,"WITH base AS ( SELECT o.o_orderkey, c.c_custkey, rc.r_name AS cust_region, rs.r_name AS supp_region, p.p_partkey, p.p_brand, l.l_extendedprice*(1-l.l_discount) AS rev FROM orders o JOIN customer c ON c.c_custkey = o.o_custkey JOIN nation nc ON nc.n_nationkey = c.c_nationkey JOIN region rc ON rc.r_regionkey = nc.n_regionkey JOIN lineitem l ON l.l_orderkey = o.o_orderkey JOIN supplier s ON s.s_suppkey = l.l_suppkey JOIN nation ns ON ns.n_nationkey = s.s_nationkey JOIN region rs ON rs.r_regionkey = ns.n_regionkey JOIN part p ON p.p_partkey = l.l_partkey JOIN partsupp ps ON ps.ps_partkey = l.l_partkey AND ps.ps_suppkey = l.l_suppkey WHERE o.o_orderdate >= DATE '1993-01-01' AND o.o_orderdate < DATE '1996-01-01' AND l.l_shipmode = 'TRUCK' AND p.p_brand = 'Brand#11' ), roll AS ( SELECT cust_region, supp_region, p_brand, SUM(rev) AS total_rev, RANK() OVER (PARTITION BY cust_region ORDER BY SUM(rev) DESC) AS rnk FROM base GROUP BY cust_region, supp_region, p_brand ) SELECT cust_region, supp_region, p_brand, total_rev FROM roll WHERE rnk <= 5 ORDER BY cust_region, total_rev DESC;",hard,deep-join|window|rank|topk|brand|shipmode|time-range
ok so kinda for Brand#15 shipped via AIR some time between 1992-1995 which customer vs supplier regions seem to dominate revenue top 5 per customer region pls,"WITH base AS ( SELECT o.o_orderkey, c.c_custkey, rc.r_name AS cust_region, rs.r_name AS supp_region, p.p_partkey, p.p_brand, l.l_extendedprice*(1-l.l_discount) AS rev FROM orders o JOIN customer c ON c.c_custkey = o.o_custkey JOIN nation nc ON nc.n_nationkey = c.c_nationkey JOIN region rc ON rc.r_regionkey = nc.n_regionkey JOIN lineitem l ON l.l_orderkey = o.o_orderkey JOIN supplier s ON s.s_suppkey = l.l_suppkey JOIN nation ns ON ns.n_nationkey = s.s_nationkey JOIN region rs ON rs.r_regionkey = ns.n_regionkey JOIN part p ON p.p_partkey = l.l_partkey JOIN partsupp ps ON ps.ps_partkey = l.l_partkey AND ps.ps_suppkey = l.l_suppkey WHERE o.o_orderdate >= DATE '1992-01-01' AND o.o_orderdate < DATE '1995-01-01' AND l.l_shipmode = 'AIR' AND p.p_brand = 'Brand#15' ), roll AS ( SELECT cust_region, supp_region, p_brand, SUM(rev) AS total_rev, RANK() OVER (PARTITION BY cust_region ORDER BY SUM(rev) DESC) AS rnk FROM base GROUP BY cust_region, supp_region, p_brand ) SELECT cust_region, supp_region, p_brand, total_rev FROM roll WHERE rnk <= 5 ORDER BY cust_region, total_rev DESC;",hard,deep-join|window|rank|topk|brand|shipmode|time-range
hmm roughly for Brand#20 shipped via SHIP kind of in that 90s window which customer vs supplier regions seem to dominate revenue top 5 per customer region pls,"WITH base AS ( SELECT o.o_orderkey, c.c_custkey, rc.r_name AS cust_region, rs.r_name AS supp_region, p.p_partkey, p.p_brand, l.l_extendedprice*(1-l.l_discount) AS rev FROM orders o JOIN customer c ON c.c_custkey = o.o_custkey JOIN nation nc ON nc.n_nationkey = c.c_nationkey JOIN region rc ON rc.r_regionkey = nc.n_regionkey JOIN lineitem l ON l.l_orderkey = o.o_orderkey JOIN supplier s ON s.s_suppkey = l.l_suppkey JOIN nation ns ON ns.n_nationkey = s.s_nationkey JOIN region rs ON rs.r_regionkey = ns.n_regionkey JOIN part p ON p.p_partkey = l.l_partkey JOIN partsupp ps ON ps.ps_partkey = l.l_partkey AND ps.ps_suppkey = l.l_suppkey WHERE o.o_orderdate >= DATE '1992-01-01' AND o.o_orderdate < DATE '1999-01-01' AND l.l_shipmode = 'SHIP' AND p.p_brand = 'Brand#20' ), roll AS ( SELECT cust_region, supp_region, p_brand, SUM(rev) AS total_rev, RANK() OVER (PARTITION BY cust_region ORDER BY SUM(rev) DESC) AS rnk FROM base GROUP BY cust_region, supp_region, p_brand ) SELECT cust_region, supp_region, p_brand, total_rev FROM roll WHERE rnk <= 5 ORDER BY cust_region, total_rev DESC;",hard,deep-join|window|rank|topk|brand|shipmode|time-range
quick one about for Brand#25 shipped via MAIL roughly around 1994-1997 which customer vs supplier regions seem to dominate revenue top 5 per customer region pls,"WITH base AS ( SELECT o.o_orderkey, c.c_custkey, rc.r_name AS cust_region, rs.r_name AS supp_region, p.p_partkey, p.p_brand, l.l_extendedprice*(1-l.l_discount) AS rev FROM orders o JOIN customer c ON c.c_custkey = o.o_custkey JOIN nation nc ON nc.n_nationkey = c.c_nationkey JOIN region rc ON rc.r_regionkey = nc.n_regionkey JOIN lineitem l ON l.l_orderkey = o.o_orderkey JOIN supplier s ON s.s_suppkey = l.l_suppkey JOIN nation ns ON ns.n_nationkey = s.s_nationkey JOIN region rs ON rs.r_regionkey = ns.n_regionkey JOIN part p ON p.p_partkey = l.l_partkey JOIN partsupp ps ON ps.ps_partkey = l.l_partkey AND ps.ps_suppkey = l.l_suppkey WHERE o.o_orderdate >= DATE '1994-01-01' AND o.o_orderdate < DATE '1997-01-01' AND l.l_shipmode = 'MAIL' AND p.p_brand = 'Brand#25' ), roll AS ( SELECT cust_region, supp_region, p_brand, SUM(rev) AS total_rev, RANK() OVER (PARTITION BY cust_region ORDER BY SUM(rev) DESC) AS rnk FROM base GROUP BY cust_region, supp_region, p_brand ) SELECT cust_region, supp_region, p_brand, total_rev FROM roll WHERE rnk <= 5 ORDER BY cust_region, total_rev DESC;",hard,deep-join|window|rank|topk|brand|shipmode|time-range
random thought sort of for Brand#30 shipped via RAIL not earlier than 1994 which customer vs supplier regions seem to dominate revenue top 5 per customer region pls,"WITH base AS ( SELECT o.o_orderkey, c.c_custkey, rc.r_name AS cust_region, rs.r_name AS supp_region, p.p_partkey, p.p_brand, l.l_extendedprice*(1-l.l_discount) AS rev FROM orders o JOIN customer c ON c.c_custkey = o.o_custkey JOIN nation nc ON nc.n_nationkey = c.c_nationkey JOIN region rc ON rc.r_regionkey = nc.n_regionkey JOIN lineitem l ON l.l_orderkey = o.o_orderkey JOIN supplier s ON s.s_suppkey = l.l_suppkey JOIN nation ns ON ns.n_nationkey = s.s_nationkey JOIN region rs ON rs.r_regionkey = ns.n_regionkey JOIN part p ON p.p_partkey = l.l_partkey JOIN partsupp ps ON ps.ps_partkey = l.l_partkey AND ps.ps_suppkey = l.l_suppkey WHERE o.o_orderdate >= DATE '1994-01-01' AND l.l_shipmode = 'RAIL' AND p.p_brand = 'Brand#30' ), roll AS ( SELECT cust_region, supp_region, p_brand, SUM(rev) AS total_rev, RANK() OVER (PARTITION BY cust_region ORDER BY SUM(rev) DESC) AS rnk FROM base GROUP BY cust_region, supp_region, p_brand ) SELECT cust_region, supp_region, p_brand, total_rev FROM roll WHERE rnk <= 5 ORDER BY cust_region, total_rev DESC;",hard,deep-join|window|rank|topk|brand|shipmode|time-range
hey kinda for Brand#11 shipped via AIR back in the mid 90s which customer vs supplier regions seem to dominate revenue top 5 per customer region pls,"WITH base AS ( SELECT o.o_orderkey, c.c_custkey, rc.r_name AS cust_region, rs.r_name AS supp_region, p.p_partkey, p.p_brand, l.l_extendedprice*(1-l.l_discount) AS rev FROM orders o JOIN customer c ON c.c_custkey = o.o_custkey JOIN nation nc ON nc.n_nationkey = c.c_nationkey JOIN region rc ON rc.r_regionkey = nc.n_regionkey JOIN lineitem l ON l.l_orderkey = o.o_orderkey JOIN supplier s ON s.s_suppkey = l.l_suppkey JOIN nation ns ON ns.n_nationkey = s.s_nationkey JOIN region rs ON rs.r_regionkey = ns.n_regionkey JOIN part p ON p.p_partkey = l.l_partkey JOIN partsupp ps ON ps.ps_partkey = l.l_partkey AND ps.ps_suppkey = l.l_suppkey WHERE o.o_orderdate >= DATE '1993-01-01' AND o.o_orderdate < DATE '1996-01-01' AND l.l_shipmode = 'AIR' AND p.p_brand = 'Brand#11' ), roll AS ( SELECT cust_region, supp_region, p_brand, SUM(rev) AS total_rev, RANK() OVER (PARTITION BY cust_region ORDER BY SUM(rev) DESC) AS rnk FROM base GROUP BY cust_region, supp_region, p_brand ) SELECT cust_region, supp_region, p_brand, total_rev FROM roll WHERE rnk <= 5 ORDER BY cust_region, total_rev DESC;",hard,deep-join|window|rank|topk|brand|shipmode|time-range
tiny question roughly for Brand#15 shipped via TRUCK around 1993 to 1996 which customer vs supplier regions seem to dominate revenue top 5 per customer region pls,"WITH base AS ( SELECT o.o_orderkey, c.c_custkey, rc.r_name AS cust_region, rs.r_name AS supp_region, p.p_partkey, p.p_brand, l.l_extendedprice*(1-l.l_discount) AS rev FROM orders o JOIN customer c ON c.c_custkey = o.o_custkey JOIN nation nc ON nc.n_nationkey = c.c_nationkey JOIN region rc ON rc.r_regionkey = nc.n_regionkey JOIN lineitem l ON l.l_orderkey = o.o_orderkey JOIN supplier s ON s.s_suppkey = l.l_suppkey JOIN nation ns ON ns.n_nationkey = s.s_nationkey JOIN region rs ON rs.r_regionkey = ns.n_regionkey JOIN part p ON p.p_partkey = l.l_partkey JOIN partsupp ps ON ps.ps_partkey = l.l_partkey AND ps.ps_suppkey = l.l_suppkey WHERE o.o_orderdate >= DATE '1993-01-01' AND o.o_orderdate < DATE '1996-01-01' AND l.l_shipmode = 'TRUCK' AND p.p_brand = 'Brand#15' ), roll AS ( SELECT cust_region, supp_region, p_brand, SUM(rev) AS total_rev, RANK() OVER (PARTITION BY cust_region ORDER BY SUM(rev) DESC) AS rnk FROM base GROUP BY cust_region, supp_region, p_brand ) SELECT cust_region, supp_region, p_brand, total_rev FROM roll WHERE rnk <= 5 ORDER BY cust_region, total_rev DESC;",hard,deep-join|window|rank|topk|brand|shipmode|time-range
btw about for Brand#20 shipped via SHIP like 1995-ish which customer vs supplier regions seem to dominate revenue top 5 per customer region pls,"WITH base AS ( SELECT o.o_orderkey, c.c_custkey, rc.r_name AS cust_region, rs.r_name AS supp_region, p.p_partkey, p.p_brand, l.l_extendedprice*(1-l.l_discount) AS rev FROM orders o JOIN customer c ON c.c_custkey = o.o_custkey JOIN nation nc ON nc.n_nationkey = c.c_nationkey JOIN region rc ON rc.r_regionkey = nc.n_regionkey JOIN lineitem l ON l.l_orderkey = o.o_orderkey JOIN supplier s ON s.s_suppkey = l.l_suppkey JOIN nation ns ON ns.n_nationkey = s.s_nationkey JOIN region rs ON rs.r_regionkey = ns.n_regionkey JOIN part p ON p.p_partkey = l.l_partkey JOIN partsupp ps ON ps.ps_partkey = l.l_partkey AND ps.ps_suppkey = l.l_suppkey WHERE o.o_orderdate >= DATE '1995-01-01' AND o.o_orderdate < DATE '1996-01-01' AND l.l_shipmode = 'SHIP' AND p.p_brand = 'Brand#20' ), roll AS ( SELECT cust_region, supp_region, p_brand, SUM(rev) AS total_rev, RANK() OVER (PARTITION BY cust_region ORDER BY SUM(rev) DESC) AS rnk FROM base GROUP BY cust_region, supp_region, p_brand ) SELECT cust_region, supp_region, p_brand, total_rev FROM roll WHERE rnk <= 5 ORDER BY cust_region, total_rev DESC;",hard,deep-join|window|rank|topk|brand|shipmode|time-range
ok so sorta for Brand#25 shipped via MAIL after 1992 i think which customer vs supplier regions seem to dominate revenue top 5 per customer region pls,"WITH base AS ( SELECT o.o_orderkey, c.c_custkey, rc.r_name AS cust_region, rs.r_name AS supp_region, p.p_partkey, p.p_brand, l.l_extendedprice*(1-l.l_discount) AS rev FROM orders o JOIN customer c ON c.c_custkey = o.o_custkey JOIN nation nc ON nc.n_nationkey = c.c_nationkey JOIN region rc ON rc.r_regionkey = nc.n_regionkey JOIN lineitem l ON l.l_orderkey = o.o_orderkey JOIN supplier s ON s.s_suppkey = l.l_suppkey JOIN nation ns ON ns.n_nationkey = s.s_nationkey JOIN region rs ON rs.r_regionkey = ns.n_regionkey JOIN part p ON p.p_partkey = l.l_partkey JOIN partsupp ps ON ps.ps_partkey = l.l_partkey AND ps.ps_suppkey = l.l_suppkey WHERE o.o_orderdate >= DATE '1993-01-01' AND l.l_shipmode = 'MAIL' AND p.p_brand = 'Brand#25' ), roll AS ( SELECT cust_region, supp_region, p_brand, SUM(rev) AS total_rev, RANK() OVER (PARTITION BY cust_region ORDER BY SUM(rev) DESC) AS rnk FROM base GROUP BY cust_region, supp_region, p_brand ) SELECT cust_region, supp_region, p_brand, total_rev FROM roll WHERE rnk <= 5 ORDER BY cust_region, total_rev DESC;",hard,deep-join|window|rank|topk|brand|shipmode|time-range
hmm kind of for Brand#30 shipped via RAIL since the early 90s which customer vs supplier regions seem to dominate revenue top 5 per customer region pls,"WITH base AS ( SELECT o.o_orderkey, c.c_custkey, rc.r_name AS cust_region, rs.r_name AS supp_region, p.p_partkey, p.p_brand, l.l_extendedprice*(1-l.l_discount) AS rev FROM orders o JOIN customer c ON c.c_custkey = o.o_custkey JOIN nation nc ON nc.n_nationkey = c.c_nationkey JOIN region rc ON rc.r_regionkey = nc.n_regionkey JOIN lineitem l ON l.l_orderkey = o.o_orderkey JOIN supplier s ON s.s_suppkey = l.l_suppkey JOIN nation ns ON ns.n_nationkey = s.s_nationkey JOIN region rs ON rs.r_regionkey = ns.n_regionkey JOIN part p ON p.p_partkey = l.l_partkey JOIN partsupp ps ON ps.ps_partkey = l.l_partkey AND ps.ps_suppkey = l.l_suppkey WHERE o.o_orderdate >= DATE '1992-01-01' AND l.l_shipmode = 'RAIL' AND p.p_brand = 'Brand#30' ), roll AS ( SELECT cust_region, supp_region, p_brand, SUM(rev) AS total_rev, RANK() OVER (PARTITION BY cust_region ORDER BY SUM(rev) DESC) AS rnk FROM base GROUP BY cust_region, supp_region, p_brand ) SELECT cust_region, supp_region, p_brand, total_rev FROM roll WHERE rnk <= 5 ORDER BY cust_region, total_rev DESC;",hard,deep-join|window|rank|topk|brand|shipmode|time-range
quick one idk but for Brand#11 shipped via AIR before 1997 maybe which customer vs supplier regions seem to dominate revenue top 5 per customer region pls,"WITH base AS ( SELECT o.o_orderkey, c.c_custkey, rc.r_name AS cust_region, rs.r_name AS supp_region, p.p_partkey, p.p_brand, l.l_extendedprice*(1-l.l_discount) AS rev FROM orders o JOIN customer c ON c.c_custkey = o.o_custkey JOIN nation nc ON nc.n_nationkey = c.c_nationkey JOIN region rc ON rc.r_regionkey = nc.n_regionkey JOIN lineitem l ON l.l_orderkey = o.o_orderkey JOIN supplier s ON s.s_suppkey = l.l_suppkey JOIN nation ns ON ns.n_nationkey = s.s_nationkey JOIN region rs ON rs.r_regionkey = ns.n_regionkey JOIN part p ON p.p_partkey = l.l_partkey JOIN partsupp ps ON ps.ps_partkey = l.l_partkey AND ps.ps_suppkey = l.l_suppkey WHERE o.o_orderdate < DATE '1997-01-01' AND l.l_shipmode = 'AIR' AND p.p_brand = 'Brand#11' ), roll AS ( SELECT cust_region, supp_region, p_brand, SUM(rev) AS total_rev, RANK() OVER (PARTITION BY cust_region ORDER BY SUM(rev) DESC) AS rnk FROM base GROUP BY cust_region, supp_region, p_brand ) SELECT cust_region, supp_region, p_brand, total_rev FROM roll WHERE rnk <= 5 ORDER BY cust_region, total_rev DESC;",hard,deep-join|window|rank|topk|brand|shipmode|time-range
random thought roughly for Brand#15 shipped via TRUCK since the early 90s which customer vs supplier regions seem to dominate revenue top 5 per customer region pls,"WITH base AS ( SELECT o.o_orderkey, c.c_custkey, rc.r_name AS cust_region, rs.r_name AS supp_region, p.p_partkey, p.p_brand, l.l_extendedprice*(1-l.l_discount) AS rev FROM orders o JOIN customer c ON c.c_custkey = o.o_custkey JOIN nation nc ON nc.n_nationkey = c.c_nationkey JOIN region rc ON rc.r_regionkey = nc.n_regionkey JOIN lineitem l ON l.l_orderkey = o.o_orderkey JOIN supplier s ON s.s_suppkey = l.l_suppkey JOIN nation ns ON ns.n_nationkey = s.s_nationkey JOIN region rs ON rs.r_regionkey = ns.n_regionkey JOIN part p ON p.p_partkey = l.l_partkey JOIN partsupp ps ON ps.ps_partkey = l.l_partkey AND ps.ps_suppkey = l.l_suppkey WHERE o.o_orderdate >= DATE '1992-01-01' AND l.l_shipmode = 'TRUCK' AND p.p_brand = 'Brand#15' ), roll AS ( SELECT cust_region, supp_region, p_brand, SUM(rev) AS total_rev, RANK() OVER (PARTITION BY cust_region ORDER BY SUM(rev) DESC) AS rnk FROM base GROUP BY cust_region, supp_region, p_brand ) SELECT cust_region, supp_region, p_brand, total_rev FROM roll WHERE rnk <= 5 ORDER BY cust_region, total_rev DESC;",hard,deep-join|window|rank|topk|brand|shipmode|time-range
hey about for Brand#20 shipped via SHIP in that 90s window which customer vs supplier regions seem to dominate revenue top 5 per customer region pls,"WITH base AS ( SELECT o.o_orderkey, c.c_custkey, rc.r_name AS cust_region, rs.r_name AS supp_region, p.p_partkey, p.p_brand, l.l_extendedprice*(1-l.l_discount) AS rev FROM orders o JOIN customer c ON c.c_custkey = o.o_custkey JOIN nation nc ON nc.n_nationkey = c.c_nationkey JOIN region rc ON rc.r_regionkey = nc.n_regionkey JOIN lineitem l ON l.l_orderkey = o.o_orderkey JOIN supplier s ON s.s_suppkey = l.l_suppkey JOIN nation ns ON ns.n_nationkey = s.s_nationkey JOIN region rs ON rs.r_regionkey = ns.n_regionkey JOIN part p ON p.p_partkey = l.l_partkey JOIN partsupp ps ON ps.ps_partkey = l.l_partkey AND ps.ps_suppkey = l.l_suppkey WHERE o.o_orderdate >= DATE '1992-01-01' AND o.o_orderdate < DATE '1999-01-01' AND l.l_shipmode = 'SHIP' AND p.p_brand = 'Brand#20' ), roll AS ( SELECT cust_region, supp_region, p_brand, SUM(rev) AS total_rev, RANK() OVER (PARTITION BY cust_region ORDER BY SUM(rev) DESC) AS rnk FROM base GROUP BY cust_region, supp_region, p_brand ) SELECT cust_region, supp_region, p_brand, total_rev FROM roll WHERE rnk <= 5 ORDER BY cust_region, total_rev DESC;",hard,deep-join|window|rank|topk|brand|shipmode|time-range
tiny question kinda for Brand#25 shipped via MAIL back in the mid 90s which customer vs supplier regions seem to dominate revenue top 5 per customer region pls,"WITH base AS ( SELECT o.o_orderkey, c.c_custkey, rc.r_name AS cust_region, rs.r_name AS supp_region, p.p_partkey, p.p_brand, l.l_extendedprice*(1-l.l_discount) AS rev FROM orders o JOIN customer c ON c.c_custkey = o.o_custkey JOIN nation nc ON nc.n_nationkey = c.c_nationkey JOIN region rc ON rc.r_regionkey = nc.n_regionkey JOIN lineitem l ON l.l_orderkey = o.o_orderkey JOIN supplier s ON s.s_suppkey = l.l_suppkey JOIN nation ns ON ns.n_nationkey = s.s_nationkey JOIN region rs ON rs.r_regionkey = ns.n_regionkey JOIN part p ON p.p_partkey = l.l_partkey JOIN partsupp ps ON ps.ps_partkey = l.l_partkey AND ps.ps_suppkey = l.l_suppkey WHERE o.o_orderdate >= DATE '1993-01-01' AND o.o_orderdate < DATE '1996-01-01' AND l.l_shipmode = 'MAIL' AND p.p_brand = 'Brand#25' ), roll AS ( SELECT cust_region, supp_region, p_brand, SUM(rev) AS total_rev, RANK() OVER (PARTITION BY cust_region ORDER BY SUM(rev) DESC) AS rnk FROM base GROUP BY cust_region, supp_region, p_brand ) SELECT cust_region, supp_region, p_brand, total_rev FROM roll WHERE rnk <= 5 ORDER BY cust_region, total_rev DESC;",hard,deep-join|window|rank|topk|brand|shipmode|time-range
pls roughly for Brand#30 shipped via RAIL like 1995-ish which customer vs supplier regions seem to dominate revenue top 5 per customer region pls,"WITH base AS ( SELECT o.o_orderkey, c.c_custkey, rc.r_name AS cust_region, rs.r_name AS supp_region, p.p_partkey, p.p_brand, l.l_extendedprice*(1-l.l_discount) AS rev FROM orders o JOIN customer c ON c.c_custkey = o.o_custkey JOIN nation nc ON nc.n_nationkey = c.c_nationkey JOIN region rc ON rc.r_regionkey = nc.n_regionkey JOIN lineitem l ON l.l_orderkey = o.o_orderkey JOIN supplier s ON s.s_suppkey = l.l_suppkey JOIN nation ns ON ns.n_nationkey = s.s_nationkey JOIN region rs ON rs.r_regionkey = ns.n_regionkey JOIN part p ON p.p_partkey = l.l_partkey JOIN partsupp ps ON ps.ps_partkey = l.l_partkey AND ps.ps_suppkey = l.l_suppkey WHERE o.o_orderdate >= DATE '1995-01-01' AND o.o_orderdate < DATE '1996-01-01' AND l.l_shipmode = 'RAIL' AND p.p_brand = 'Brand#30' ), roll AS ( SELECT cust_region, supp_region, p_brand, SUM(rev) AS total_rev, RANK() OVER (PARTITION BY cust_region ORDER BY SUM(rev) DESC) AS rnk FROM base GROUP BY cust_region, supp_region, p_brand ) SELECT cust_region, supp_region, p_brand, total_rev FROM roll WHERE rnk <= 5 ORDER BY cust_region, total_rev DESC;",hard,deep-join|window|rank|topk|brand|shipmode|time-range
